{
  "$schema": "http://json-schema.org/draft-04/schema#",
  "type": "object",
  "properties": {
    "d": {
      "type": "object",
      "properties": {
        "ActualDeliveredQtyInBaseUnit": {
          "type": "string"
        },
        "ActualDeliveryQuantity": {
          "type": "string"
        },
        "Batch": {
          "type": "string"
        },
        "DeliveryDocumentItemText": {
          "type": "string"
        },
        "InventoryValuationType": {
          "type": "string"
        },
        "ItemGrossWeight": {
          "type": "string"
        },
        "ItemNetWeight": {
          "type": "string"
        },
        "ItemVolume": {
          "type": "string"
        },
        "ItemVolumeUnit": {
          "type": "string"
        },
        "ItemWeightUnit": {
          "type": "string"
        },
        "ManufactureDate": {
          "type": "string"
        },
        "MaterialByCustomer": {
          "type": "string"
        },
        "ShelfLifeExpirationDate": {
          "type": "string"
        },
        "StorageLocation": {
          "type": "string"
        }
      },
      "required": [
        "ActualDeliveredQtyInBaseUnit",
        "ActualDeliveryQuantity",
        "Batch",
        "DeliveryDocumentItemText",
        "InventoryValuationType",
        "ItemGrossWeight",
        "ItemNetWeight",
        "ItemVolume",
        "ItemVolumeUnit",
        "ItemWeightUnit",
        "ManufactureDate",
        "MaterialByCustomer",
        "ShelfLifeExpirationDate",
        "StorageLocation"
      ]
    }
  },
  "required": [
    "d"
  ]
}