{
  "$schema": "http://json-schema.org/draft-04/schema#",
  "SalesOrderWithoutCharge": "string",
  "SalesOrderWithoutChargeType": "string",
  "SalesOrganization": "string",
  "DistributionChannel": "string",
  "OrganizationDivision": "string",
  "SalesGroup": "string",
  "SalesOffice": "string",
  "SalesDistrict": "string",
  "SoldToParty": "string",
  "PurchaseOrderByCustomer": "string",
  "CustomerPurchaseOrderType": "string",
  "CustomerPurchaseOrderDate": "/Date(1492041600000)/",
  "SalesOrderWithoutChargeDate": "/Date(1492041600000)/",
  "TransactionCurrency": "string",
  "SDDocumentReason": "string",
  "RequestedDeliveryDate": "/Date(1492041600000)/",
  "ShippingCondition": "string",
  "CompleteDeliveryIsDefined": "Unknown Type: boolean,null",
  "ShippingType": "string",
  "DeliveryBlockReason": "string",
  "HeaderBillingBlockReason": "string",
  "IncotermsClassification": "string",
  "IncotermsTransferLocation": "string",
  "IncotermsLocation1": "string",
  "IncotermsLocation2": "string",
  "IncotermsVersion": "string",
  "ReferenceSDDocument": "string",
  "to_Item": {
    "results": [
      {
        "SalesOrderWithoutChargeItem": "string",
        "HigherLevelItem": "string",
        "SlsOrdWthoutChrgItemCategory": "string",
        "SalesOrderWthoutChrgItemText": "string",
        "PurchaseOrderByCustomer": "string",
        "Material": "string",
        "MaterialByCustomer": "string",
        "RequestedQuantity": "0",
        "RequestedQuantityUnit": "string",
        "MaterialGroup": "string",
        "MaterialPricingGroup": "string",
        "Batch": "string",
        "Plant": "string",
        "StorageLocation": "string",
        "ShippingPoint": "string",
        "ShippingType": "string",
        "DeliveryPriority": "string",
        "IncotermsClassification": "string",
        "IncotermsTransferLocation": "string",
        "IncotermsLocation1": "string",
        "IncotermsLocation2": "string",
        "SalesDocumentRjcnReason": "string",
        "WBSElement": "string",
        "ProfitCenter": "string",
        "ReferenceSDDocument": "string",
        "ReferenceSDDocumentItem": "string",
        "to_Partner": {
          "results": [
            {
              "PartnerFunction": "string",
              "Customer": "string",
              "Supplier": "string",
              "Personnel": "string",
              "ContactPerson": "string"
            }
          ]
        },
        "to_ScheduleLine": {
          "results": [
            {
              "ScheduleLine": "string",
              "OrderQuantityUnit": "string",
              "ConfdOrderQtyByMatlAvailCheck": "0",
              "DeliveredQtyInOrderQtyUnit": "0",
              "OpenConfdDelivQtyInOrdQtyUnit": "0",
              "DelivBlockReasonForSchedLine": "string"
            }
          ]
        }
      }
    ]
  },
  "to_Partner": {
    "results": [
      {
        "PartnerFunction": "string",
        "Customer": "string",
        "Supplier": "string",
        "Personnel": "string",
        "ContactPerson": "string"
      }
    ]
  }
}