{ 
  "$schema": "http://json-schema.org/draft-04/schema#",
  "title": "Wrapper",
  "type": "object",
  "properties": {
    "d": {
      "title": "Collection of PutawayReport",
      "type": "object",
      "properties": {
        "results": {
          "type": "array",
          "items": {
            "type": "object",
            "properties": {
              "SystemMessageIdentification": {
              "type": ["string","null"],
              "maxLength": 20,
              "example": "string",
              "title": "Message ID",
              "description": "Message identification  \nA grouping term for every work area under which the number of the message is saved."
              },
              "SystemMessageNumber": {
                "type": ["string","null"],
                "maxLength": 3,
                "example": "string",
                "title": "Message Number",
                "description": "System Message Number"
              },
              "SystemMessageType": {
                "type": ["string","null"],
                "maxLength": 1,
                "example": "string",
                "title": "Message Type",
                "description": "Message type (E,I,W,...)"
              },
              "SystemMessageVariable1": {
                "type": ["string","null"],
                "maxLength": 50,
                "example": "string",
                "title": "Message var.",
                "description": "Message variable 01"
              },
              "SystemMessageVariable2": {
                "type": ["string","null"],
                "maxLength": 50,
                "example": "string",
                "title": "Message var.",
                "description": "Message variable 02"
              },  
              "SystemMessageVariable3": {
                "type": ["string","null"],
                "maxLength": 50,
                "example": "string",
                "title": "Message var.",
                "description": "Message variable 03"
              },
              "SystemMessageVariable4": {
                "type": ["string","null"],
                "maxLength": 50,
                "example": "string",
                "title": "Message var.",
                "description": "Message variable 04"
              },
              "Batch": {
                "type": ["string","null"],
                "maxLength": 10,
                "example": "string",
                "title": "Batch",
                "description": "Batch Number  \nAssigns a material that is manufactured in batches or production lots to a specific batch."
              },
              "DeliveryQuantityUnit": {
                "type": ["string","null"],
                "maxLength": 3,
                "example": "string",
                "title": "Sales Unit",
                "description": "Unit of measure  in which the material is sold."
              },
              "ActualDeliveryQuantity": {
                "type": ["string","null"],
                "format": "decimal",
                "multipleOf": 0.001,
                "minimum": -9999999999.999,
                "maximum": 9999999999.999,
                "example": "0",
                "title": "Delivery Qty",
                "description": "Actual quantity delivered (in sales units)  \nThe quantity of the item for delivery. The quantity is expressed in sales units.  \nThe delivery quantity may be proposed from a sales order item. You can change the quantity in the delivery, subject to any limitations that apply to over- and underdeliveries. If the delivery does not refer to a sales order, you can enter a delivery quantity manually."
              },
              "DeliveryDocumentItemText": {
                "type": ["string","null"],
                "maxLength": 40,
                "example": "string",
                "title": "Item Descr.",
                "description": "Short Text for Sales Order Item  \nA short description of the item.  \nShort texts are used throughout sales order processing, shipping, and billing. They also appear on printed order confirmations.The system proposes the short text from the material master record. If you have included a short text in a customer-material info record, it replaces the material master text during sales document processing. You can change the text at the item level in the sales document or during delivery processing."
              },
              "Material": {
                "type": ["string","null"],
                "maxLength": 40,
                "example": "string",
                "title": "Material",
                "description": "Material Number  \nAlphanumeric key uniquely identifying the material."
              },
              "DeliveryDocumentItem": {
                "type": ["string","null"],
                "maxLength": 6,
                "example": "string",
                "title": "Item",
                "description": "Delivery Item  \nThe number that uniquely identifies the item in a delivery."
              },
              "DeliveryDocument": {
                "type": ["string","null"],
                "maxLength": 10,
                "example": "string",
                "title": "Delivery",
                "description": "The number that uniquely identifies the delivery."
              }
            },
            "title": "PutawayReport"
          }
        }
      }
    }
  }
}